{"cameraMode":{"drawMode":0,"name":"Shaded","section":"Shading Mode"},"sceneLighting":false,"audioPlay":false,"sceneViewState":{"m_AlwaysRefresh":false,"showFog":true,"showSkybox":false,"showFlares":true,"showImageEffects":true,"showParticleSystems":true,"showVisualEffectGraphs":true,"m_FxEnabled":true},"in2DMode":false,"pivot":{"x":0.11607188731431961,"y":-1.0585668087005616,"z":-0.32859721779823305},"rotation":{"x":0.2643234133720398,"y":-0.5630120038986206,"z":0.1962091028690338,"w":0.758223831653595},"size":3.0807578563690187,"orthographic":false}