{"cameraMode":{"drawMode":0,"name":"Shaded","section":"Shading Mode"},"sceneLighting":false,"audioPlay":false,"sceneViewState":{"m_AlwaysRefresh":false,"showFog":true,"showSkybox":false,"showFlares":true,"showImageEffects":true,"showParticleSystems":true,"showVisualEffectGraphs":true,"m_FxEnabled":true},"in2DMode":false,"pivot":{"x":17.056547164916993,"y":0.9851102828979492,"z":-29.016271591186525},"rotation":{"x":-0.18964914977550507,"y":0.23942574858665467,"z":-0.04766613990068436,"w":-0.9511083364486694},"size":0.8660253882408142,"orthographic":false}