{"cameraMode":{"drawMode":0,"name":"Shaded","section":"Shading Mode"},"sceneLighting":true,"audioPlay":false,"sceneViewState":{"showFog":false,"showMaterialUpdate":false,"showSkybox":false,"showFlares":false,"showImageEffects":false,"showParticleSystems":true},"in2DMode":false,"pivot":{"x":39.758399963378909,"y":-9.702058792114258,"z":-54.008331298828128},"rotation":{"x":0.3641819655895233,"y":0.027140168473124505,"z":-0.010582530871033669,"w":0.9309366345405579},"size":52.87800979614258,"orthographic":false}